AccountExternalId,VehicleExternalId,VRT_DAT_InitialDate__c,VRT_DAT_FinalDate__c,VRT_DIV_TotalCost__c,VRT_SEL_Status__c,VRT_SEL_PaymentStatus__c,VRT_TXT_Notes__c
ACC0001,EXT009,2026-07-02,2026-07-05,,Completado,Pagado,Datos de demostración Track I #01
ACC0002,EXT009,2026-07-05,2026-07-08,,Completado,Pagado,Datos de demostración Track I #02
ACC0003,EXT011,2026-07-03,2026-07-06,,Completado,Pagado,Datos de demostración Track I #03
ACC0004,EXT011,2026-07-06,2026-07-10,,Completado,Pagado,Datos de demostración Track I #04
ACC0005,EXT013,2026-07-04,2026-07-08,,Completado,Pagado,Datos de demostración Track I #05
ACC0001,EXT009,2026-08-08,2026-08-12,,Cancelado,Pendiente,Datos de demostración Track I #06
ACC0002,EXT011,2026-08-10,2026-08-14,,Cancelado,Pendiente,Datos de demostración Track I #07
ACC0003,EXT013,2026-10-08,2026-10-12,,Reservado,Pagado,Datos de demostración Track I #08
ACC0004,EXT013,2026-10-12,2026-10-16,,Reservado,Pagado,Datos de demostración Track I #09
ACC0005,EXT017,2026-09-20,2026-09-30,,En curso,Pagado,Datos de demostración Track I #10
